college,course,category,cutoff_score
Hindu College,BA History and Political Science,UR,936.18
Hindu College,BA History and Political Science,OBC,804.94
Hindu College,BA History and Political Science,SC,774.56
Hindu College,BA History and Political Science,ST,934.17
Hindu College,BA Political Science Hons,UR,935.40
Hindu College,BA Political Science Hons,OBC,922.90
Hindu College,BA Political Science Hons,SC,889.69
Hindu College,BA Political Science Hons,ST,899.13
St Stephens College,BA English Hons,UR,926.93
St Stephens College,BA English Hons,SC,819.75
St Stephens College,BA English Hons,ST,852.52
Lady Shriram College,BA Psychology Hons,UR,926.53
Lady Shriram College,BA Psychology Hons,OBC,833.81
Lady Shriram College,BA Psychology Hons,SC,831.51
Lady Shriram College,BA Psychology Hons,ST,780.98
Miranda House,BA Political Science Hons,UR,925.98
Miranda House,BA Political Science Hons,OBC,889.14
Miranda House,BA Political Science Hons,SC,838.26
Miranda House,BA Political Science Hons,ST,838.07
St Stephens College,BA History Hons,UR,918.72
St Stephens College,BA History Hons,SC,844.40
St Stephens College,BA History Hons,ST,890.56
Shri Ram College of Commerce,BCom Hons,UR,917.43
Shri Ram College of Commerce,BCom Hons,OBC,849.42
Shri Ram College of Commerce,BCom Hons,SC,776.86
Shri Ram College of Commerce,BCom Hons,ST,715.13
Lady Shriram College,BA Political Science Hons,UR,915.70
Lady Shriram College,BA Political Science Hons,OBC,859.27
Lady Shriram College,BA Political Science Hons,SC,656.81
Lady Shriram College,BA Political Science Hons,ST,807.79
Hindu College,BA History Hons,UR,914.38
Hindu College,BA History Hons,OBC,885.81
Hindu College,BA History Hons,SC,834.28
Hindu College,BA History Hons,ST,871.05
St Stephens College,BA General,UR,912.57
St Stephens College,BA General,SC,826.93
Hindu College,BCom Hons,UR,912.22
Hindu College,BCom Hons,OBC,843.22
Hindu College,BCom Hons,SC,784.10
Hindu College,BCom Hons,ST,735.10
Kirori Mal College,BA Political Science Hons,UR,909.69
Kirori Mal College,BA Political Science Hons,OBC,866.74
Kirori Mal College,BA Political Science Hons,SC,813.42
Kirori Mal College,BA Political Science Hons,ST,836.60
Shri Ram College of Commerce,BA Economics Hons,UR,908.90
Shri Ram College of Commerce,BA Economics Hons,OBC,802.26
Shri Ram College of Commerce,BA Economics Hons,SC,722.74
Shri Ram College of Commerce,BA Economics Hons,ST,609.93
Miranda House,BA Geography and Political Science,UR,907.94
Miranda House,BA Geography and Political Science,OBC,839.78
Miranda House,BA Geography and Political Science,SC,787.98
Miranda House,BA Geography and Political Science,ST,799.23
St Stephens College,BA Philosophy Hons,UR,906.74
St Stephens College,BA Philosophy Hons,SC,787.99
St Stephens College,BA Philosophy Hons,ST,737.43
Lady Shriram College,BCom Hons,UR,906.37
Lady Shriram College,BCom Hons,OBC,831.82
Lady Shriram College,BCom Hons,SC,764.80
Lady Shriram College,BCom Hons,ST,707.29
St Stephens College,BA Economics Hons,UR,904.62
St Stephens College,BA Economics Hons,SC,726.27
St Stephens College,BA Economics Hons,ST,741.54
Jesus and Mary College,BA Psychology Hons,UR,898.80
Lady Shriram College,BA Economics and Political Science,UR,897.20
Lady Shriram College,BA Economics and Political Science,OBC,782.38
Lady Shriram College,BA Economics and Political Science,SC,790.66
Lady Shriram College,BA Economics and Political Science,ST,676.19
Kirori Mal College,BCom Hons,UR,897.17
Kirori Mal College,BCom Hons,OBC,821.54
Kirori Mal College,BCom Hons,SC,758.36
Kirori Mal College,BCom Hons,ST,701.37
Ramjas College,BA Political Science Hons,UR,894.95
Ramjas College,BA Political Science Hons,OBC,851.90
Ramjas College,BA Political Science Hons,SC,787.33
Ramjas College,BA Political Science Hons,ST,803.11
Hansraj College,BCom Hons,UR,894.80
Hansraj College,BCom Hons,OBC,828.58
Hansraj College,BCom Hons,SC,764.02
Hansraj College,BCom Hons,ST,709.09
Hindu College,BA English and Economics,UR,894.51
Hindu College,BA English and Economics,OBC,837.18
Hindu College,BA English and Economics,SC,789.26
Hindu College,BA English and Economics,ST,885.06
Hindu College,BA Sociology Hons,UR,891.99
Hindu College,BA Sociology Hons,OBC,843.65
Hindu College,BA Sociology Hons,SC,777.84
Hindu College,BA Sociology Hons,ST,789.00
Miranda House,BA History and Political Science,UR,891.72
Miranda House,BA History and Political Science,OBC,832.06
Miranda House,BA History and Political Science,SC,815.81
Miranda House,BA History and Political Science,ST,751.83
Lady Shriram College,BA Economics and Mathematics,UR,890.34
Lady Shriram College,BA Economics and Mathematics,OBC,745.90
Lady Shriram College,BA Economics and Mathematics,SC,628.71
Lady Shriram College,BA Economics and Mathematics,ST,575.29
Ramjas College,BCom Hons,UR,889.39
Ramjas College,BCom Hons,OBC,813.27
Ramjas College,BCom Hons,SC,745.21
Ramjas College,BCom Hons,ST,670.18
Miranda House,BA Geography Hons,UR,889.06
Miranda House,BA Geography Hons,OBC,839.56
Miranda House,BA Geography Hons,SC,592.68
Miranda House,BA Geography Hons,ST,776.10
Lady Shriram College,BA History and Political Science,UR,888.25
Lady Shriram College,BA History and Political Science,OBC,852.48
Lady Shriram College,BA History and Political Science,SC,789.00
Lady Shriram College,BA History and Political Science,ST,731.27
Hindu College,BA Economics Hons,UR,888.17
Hindu College,BA Economics Hons,OBC,685.78
Hindu College,BA Economics Hons,SC,705.97
Hindu College,BA Economics Hons,ST,605.99
Lady Shriram College,BA Political Science and Psychology,UR,886.19
Lady Shriram College,BA Political Science and Psychology,OBC,819.25
Lady Shriram College,BA Political Science and Psychology,SC,754.47
Lady Shriram College,BA Political Science and Psychology,ST,700.34
Hindu College,BA English Hons,UR,885.76
Hindu College,BA English Hons,OBC,827.60
Hindu College,BA English Hons,SC,783.16
Hindu College,BA English Hons,ST,785.01
Miranda House,BA Economics and Political Science,UR,885.54
Miranda House,BA Economics and Political Science,OBC,809.12
Miranda House,BA Economics and Political Science,SC,777.76
Miranda House,BA Economics and Political Science,ST,668.45
Kirori Mal College,BCom General,UR,884.00
Kirori Mal College,BCom General,OBC,806.10
Kirori Mal College,BCom General,SC,739.80
Kirori Mal College,BCom General,ST,574.16
Sri Venkateswara College,BCom Hons,UR,879.64
Sri Venkateswara College,BCom Hons,OBC,805.37
Sri Venkateswara College,BCom Hons,SC,727.43
Sri Venkateswara College,BCom Hons,ST,660.37
Indraprastha College for Women,BA Psychology Hons,UR,878.06
Indraprastha College for Women,BA Psychology Hons,OBC,759.02
Indraprastha College for Women,BA Psychology Hons,SC,743.00
Indraprastha College for Women,BA Psychology Hons,ST,733.08
Sri Venkateswara College,BA Political Science Hons,UR,875.08
Sri Venkateswara College,BA Political Science Hons,OBC,836.02
Sri Venkateswara College,BA Political Science Hons,SC,759.22
Sri Venkateswara College,BA Political Science Hons,ST,753.38
Hansraj College,BA History Hons,UR,875.01
Hansraj College,BA History Hons,OBC,832.33
Hansraj College,BA History Hons,SC,777.59
Hansraj College,BA History Hons,ST,779.18
Daulat Ram College,BA Psychology Hons,UR,874.16
Daulat Ram College,BA Psychology Hons,OBC,767.74
Daulat Ram College,BA Psychology Hons,SC,744.56
Daulat Ram College,BA Psychology Hons,ST,750.69
Lady Shriram College,BA Economics Hons,UR,874.39
Lady Shriram College,BA Economics Hons,OBC,712.53
Lady Shriram College,BA Economics Hons,SC,630.88
Lady Shriram College,BA Economics Hons,ST,511.18
Hansraj College,BA Economics Hons,UR,852.41
Hansraj College,BA Economics Hons,OBC,721.90
Hansraj College,BA Economics Hons,SC,642.63
Hansraj College,BA Economics Hons,ST,248.65
Miranda House,BA Economics Hons,UR,843.52
Miranda House,BA Economics Hons,OBC,701.84
Miranda House,BA Economics Hons,SC,615.87
Miranda House,BA Economics Hons,ST,467.24
Kirori Mal College,BA Economics Hons,UR,850.16
Kirori Mal College,BA Economics Hons,OBC,690.68
Kirori Mal College,BA Economics Hons,SC,627.34
Kirori Mal College,BA Economics Hons,ST,455.65
Sri Venkateswara College,BA Economics Hons,UR,831.27
Sri Venkateswara College,BA Economics Hons,OBC,671.18
Sri Venkateswara College,BA Economics Hons,SC,605.56
Sri Venkateswara College,BA Economics Hons,ST,399.79
Atma Ram Sanatan Dharma College,BCom Hons,UR,846.37
Atma Ram Sanatan Dharma College,BCom Hons,OBC,768.17
Atma Ram Sanatan Dharma College,BCom Hons,SC,697.76
Atma Ram Sanatan Dharma College,BCom Hons,ST,600.64
Gargi College,BCom Hons,UR,831.20
Gargi College,BCom Hons,OBC,745.86
Gargi College,BCom Hons,SC,653.47
Gargi College,BCom Hons,ST,539.95
Gargi College,BA Applied Psychology,UR,860.93
Gargi College,BA Applied Psychology,OBC,732.31
Gargi College,BA Applied Psychology,SC,677.59
Gargi College,BA Applied Psychology,ST,656.60
Kamala Nehru College,BA Psychology Hons,UR,859.20
Kamala Nehru College,BA Psychology Hons,OBC,718.60
Kamala Nehru College,BA Psychology Hons,SC,701.63
Kamala Nehru College,BA Psychology Hons,ST,517.82
Daulat Ram College,BA Political Science Hons,UR,843.33
Daulat Ram College,BA Political Science Hons,OBC,800.64
Daulat Ram College,BA Political Science Hons,SC,710.06
Daulat Ram College,BA Political Science Hons,ST,723.77
Daulat Ram College,BCom General,UR,840.76
Daulat Ram College,BCom General,OBC,753.97
Daulat Ram College,BCom General,SC,667.73
Daulat Ram College,BCom General,ST,543.87
Daulat Ram College,BCom Hons,UR,840.39
Daulat Ram College,BCom Hons,OBC,785.36
Daulat Ram College,BCom Hons,SC,702.60
Daulat Ram College,BCom Hons,ST,507.24
Aryabhatta College,BA Psychology Hons,UR,837.88
Aryabhatta College,BA Psychology Hons,OBC,671.56
Aryabhatta College,BA Psychology Hons,SC,662.92
Aryabhatta College,BA Psychology Hons,ST,618.35
Gargi College,BA Economics and Psychology,UR,836.93
Gargi College,BA Economics and Psychology,OBC,673.32
Gargi College,BA Economics and Psychology,SC,624.41
Gargi College,BA Economics and Psychology,ST,617.13
Kirori Mal College,BA Geography Hons,UR,835.01
Kirori Mal College,BA Geography Hons,OBC,826.74
Kirori Mal College,BA Geography Hons,SC,764.00
Kirori Mal College,BA Geography Hons,ST,766.05
